firm,name,time,shares
1101,台泥,20240510,7551182
1102,亞泥,20240510,3546563
1103,嘉泥,20240510,790247
1104,環泥,20240510,673217
1108,幸福,20240510,404738
1109,信大,20240510,341159
1110,東泥,20240510,572001
1201,味全,20240510,506063
1203,味王,20240510,240000
1210,大成,20240510,894767
1213,大飲,20240510,56623
1215,卜蜂,20240510,294790
1216,統一,20240510,5682015
1217,愛之味,20240510,494513
1218,泰山,20240510,499999
1219,福壽,20240510,331663
1220,台榮,20240510,177078
1225,福懋油,20240510,229638
1227,佳格,20240510,915090
1229,聯華,20240510,1583740
1231,聯華食,20240510,246657
1232,大統益,20240510,159975
1233,天仁,20240510,90592
1234,黑松,20240510,401871
1235,興泰,20240510,149665
1236,宏亞,20240510,86674
1240,茂生農經,20240510,39370
1256,鮮活果汁-KY,20240510,33842
1259,安心,20240510,32390
1264,德麥,20240510,37064
1268,漢來美食,20240510,42224
1301,台塑,20240510,6365741
1303,南亞,20240510,7930822
1304,台聚,20240510,1188764
1305,華夏,20240510,581050
1307,三芳,20240510,397818
1308,亞聚,20240510,593744
1309,台達化,20240510,397587
1310,台苯,20240510,527870
1312,國喬,20240510,1106620
1313,聯成,20240510,1366221
1314,中石化,20240510,3784850
1315,達新,20240510,99099
1316,上曜,20240510,299996
1319,東陽,20240510,591477
1321,大洋,20240510,227228
1323,永裕,20240510,91275
1324,地球,20240510,75122
1325,恒大,20240510,85281
1326,台化,20240510,5861186
1336,台翰,20240510,78302
1337,再生-KY,20240510,268955
1338,廣華-KY,20240510,83840
1339,昭輝,20240510,74124
1340,勝悅-KY,20240510,152923
1341,富林-KY,20240510,52851
1342,八貫,20240510,71345
1402,遠東新,20240510,5352875
1409,新纖,20240510,1618409
1410,南染,20240510,63000
1413,宏洲,20240510,132112
1414,東和,20240510,220000
1416,廣豐,20240510,185342
1417,嘉裕,20240510,189942
1418,東華,20240510,56834
1419,新紡,20240510,300041
1423,利華,20240510,99648
1432,大魯閣,20240510,90000
1434,福懋,20240510,1684665
1435,中福,20240510,139780
1436,華友聯,20240510,101784
1437,勤益控,20240510,203371
1438,三地開發,20240510,91206
1439,雋揚,20240510,92000
1440,南紡,20240510,1656816
1441,大東,20240510,69382
1442,名軒,20240510,366211
1443,立益物流,20240510,135343
1444,力麗,20240510,995595
1445,大宇,20240510,130666
1446,宏和,20240510,137710
1447,力鵬,20240510,910071
1449,佳和,20240510,85210
1451,年興,20240510,206210
1452,宏益,20240510,132641
1453,大將,20240510,106742
1454,台富,20240510,129834
1455,集盛,20240510,531688
1456,怡華,20240510,93720
1457,宜進,20240510,301648
1459,聯發,20240510,358629
1460,宏遠,20240510,694643
1463,強盛,20240510,173268
1464,得力,20240510,407640
1465,偉全,20240510,103607
1466,聚隆,20240510,111157
1467,南緯,20240510,233625
1468,昶和,20240510,160405
1470,大統新創,20240510,85767
1471,首利,20240510,150415
1472,三洋實業,20240510,42488
1473,台南,20240510,146154
1474,弘裕,20240510,129897
1475,業旺,20240510,66017
1476,儒鴻,20240510,274367
1477,聚陽,20240510,241857
1503,士電,20240510,520972
1504,東元,20240510,2138797
1506,正道,20240510,300389
1512,瑞利,20240510,98183
1513,中興電,20240510,503113
1514,亞力,20240510,260138
1515,力山,20240510,181474
1516,川飛,20240510,38820
1517,利奇,20240510,225685
1519,華城,20240510,261059
1521,大億,20240510,76230
1522,堤維西,20240510,312898
1524,耿鼎,20240510,165310
1525,江申,20240510,73400
1526,日馳,20240510,60000
1527,鑽全,20240510,138571
1528,恩德,20240510,191331
1529,樂事綠能,20240510,150578
1530,亞崴,20240510,96594
1531,高林股,20240510,183608
1532,勤美,20240510,378896
1533,車王電,20240510,98547
1535,中宇,20240510,123743
1536,和大,20240510,279518
1537,廣隆,20240510,82063
1538,正峰,20240510,53839
1539,巨庭,20240510,65370
1540,喬福,20240510,85474
1541,錩泰,20240510,78800
1558,伸興,20240510,66536
1560,中砂,20240510,145081
1565,精華,20240510,50417
1568,倉佑,20240510,103087
1569,濱川,20240510,121447
1570,力肯,20240510,51501
1580,新麥,20240510,50230
1582,信錦,20240510,142970
1583,程泰,20240510,110400
1584,精剛,20240510,192471
1586,和勤,20240510,86312
1587,吉茂,20240510,68624
1589,永冠-KY,20240510,118136
1590,亞德客-KY,20240510,200000
1591,駿吉-KY,20240510,34798
1593,祺驊,20240510,39785
1595,川寶,20240510,47875
1597,直得,20240510,89262
1598,岱宇,20240510,159610
1599,宏佳騰,20240510,74529
1603,華電,20240510,191688
1604,聲寶,20240510,384200
1605,華新,20240510,4031333
1608,華榮,20240510,632774
1609,大亞,20240510,736816
1611,中電,20240510,322736
1612,宏泰,20240510,316080
1614,三洋電,20240510,269113
1615,大山,20240510,163723
1616,億泰,20240510,194149
1617,榮星,20240510,157827
1618,合機,20240510,192692
1626,艾美特-KY,20240510,152822
1701,中化,20240510,298081
1702,南僑,20240510,294133
1707,葡萄王,20240510,148137
1708,東鹼,20240510,249002
1709,和益,20240510,477016
1710,東聯,20240510,885703
1711,永光,20240510,547752
1712,興農,20240510,420493
1713,國化,20240510,150952
1714,和桐,20240510,1016825
1717,長興,20240510,1178265
1718,中纖,20240510,1685906
1720,生達,20240510,178696
1721,三晃,20240510,184884
1722,台肥,20240510,980000
1723,中碳,20240510,236904
1725,元禎,20240510,181830
1726,永記,20240510,162000
1727,中華化,20240510,123939
1730,花仙子,20240510,63234
1731,美吾華,20240510,132915
1732,毛寶,20240510,42444
1733,五鼎,20240510,99950
1734,杏輝,20240510,167722
1735,日勝化,20240510,99388
1736,喬山,20240510,303617
1737,臺鹽,20240510,200000
1742,台蠟,20240510,93559
1752,南光,20240510,100988
1760,寶齡富錦,20240510,85739
1762,中化生,20240510,77560
1773,勝一,20240510,250000
1776,展宇,20240510,60107
1777,生泰,20240510,44592
1781,合世,20240510,47408
1783,和康生,20240510,89070
1784,訊聯,20240510,49627
1785,光洋科,20240510,596202
1786,科妍,20240510,68289
1788,杏昌,20240510,44521
1789,神隆,20240510,790739
1795,美時,20240510,264958
1796,金穎生技,20240510,41460
1799,易威,20240510,121866
1802,台玻,20240510,2908061
1805,寶徠,20240510,100186
1806,冠軍,20240510,390404
1808,潤隆,20240510,451026
1809,中釉,20240510,167042
1810,和成,20240510,302304
1813,寶利徠,20240510,46636
1815,富喬,20240510,460927
1817,凱撒衛,20240510,72600
1903,士紙,20240510,260039
1904,正隆,20240510,1108275
1905,華紙,20240510,1102835
1906,寶隆,20240510,151000
1907,永豐餘,20240510,1660371
1909,榮成,20240510,1327686
2002,中鋼,20240510,15734861
2006,東和鋼鐵,20240510,730214
2007,燁興,20240510,530652
2008,高興昌,20240510,190852
2009,第一銅,20240510,359622
2010,春源,20240510,647655
2012,春雨,20240510,302163
2013,中鋼構,20240510,200000
2014,中鴻,20240510,1435544
2015,豐興,20240510,581599
2017,官田鋼,20240510,446875
2020,美亞,20240510,222526
2022,聚亨,20240510,337168
2023,燁輝,20240510,1945311
2024,志聯,20240510,97500
2025,千興,20240510,281167
2027,大成鋼,20240510,2434261
2028,威致,20240510,325715
2029,盛餘,20240510,321180
2030,彰源,20240510,280526
2031,新光鋼,20240510,321146
2032,新鋼,20240510,130522
2033,佳大,20240510,80695
2034,允強,20240510,470226
2035,唐榮,20240510,350000
2038,海光,20240510,190328
2049,上銀,20240510,353792
2059,川湖,20240510,95297
2061,風青,20240510,47108
2062,橋椿,20240510,199994
2063,世鎧,20240510,49601
2064,晉椿,20240510,69630
2065,世豐,20240510,56884
2066,世德,20240510,42223
2067,嘉鋼,20240510,45138
2069,運錩,20240510,166387
2070,精湛,20240510,35783
2073,雄順,20240510,27500
2101,南港,20240510,833935
2102,泰豐,20240510,473329
2103,台橡,20240510,825710
2104,國際中橡,20240510,984734
2105,正新,20240510,3241416
2106,建大,20240510,954890
2107,厚生,20240510,303593
2108,南帝,20240510,492417
2109,華豐,20240510,279349
2114,鑫永銓,20240510,77992
2115,六暉-KY,20240510,99403
2201,裕隆,20240510,1070001
2204,中華,20240510,553620
2206,三陽工業,20240510,797490
2207,和泰車,20240510,557103
2208,台船,20240510,1274539
2211,長榮鋼,20240510,417091
2221,大甲,20240510,42325
2227,裕日車,20240510,300000
2228,劍麟,20240510,75780
2230,泰茂,20240510,51902
2231,為升,20240510,140918
2233,宇隆,20240510,60288
2235,謚源,20240510,35878
2236,百達-KY,20240510,50391
2239,英利-KY,20240510,120347
2241,艾姆勒,20240510,104602
2243,宏旭-KY,20240510,69374
2247,汎德永業,20240510,80709
2250,IKKA-KY,20240510,31327
2301,光寶科,20240510,2347546
2302,麗正,20240510,166303
2303,聯電,20240510,12528589
2305,全友,20240510,205661
2308,台達電,20240510,2597543
2312,金寶,20240510,1501988
2313,華通,20240510,1191821
2314,台揚,20240510,252028
2316,楠梓電,20240510,182741
2317,鴻海,20240510,13862991
2321,東訊,20240510,14272
2323,中環,20240510,1089348
2324,仁寶,20240510,4407147
2327,國巨,20240510,423174
2328,廣宇,20240510,518346
2329,華泰,20240510,555308
2330,台積電,20240510,25935031
2331,精英,20240510,557403
2332,友訊,20240510,602655
2337,旺宏,20240510,1855826
2338,光罩,20240510,256446
2340,台亞,20240510,438623
2342,茂矽,20240510,157157
2344,華邦電,20240510,4180000
2345,智邦,20240510,560430
2347,聯強,20240510,1667947
2348,海悅,20240510,117108
2349,錸德,20240510,693680
2351,順德,20240510,182140
2352,佳世達,20240510,1966782
2353,宏碁,20240510,3047854
2354,鴻準,20240510,1414485
2355,敬鵬,20240510,397495
2356,英業達,20240510,3587475
2357,華碩,20240510,742760
2358,廷鑫,20240510,136623
2359,所羅門,20240510,171471
2360,致茂,20240510,425364
2362,藍天,20240510,632263
2363,矽統,20240510,749589
2364,倫飛,20240510,30999
2365,昆盈,20240510,221528
2367,燿華,20240510,669407
2368,金像電,20240510,491840
2369,菱生,20240510,380102
2371,大同,20240510,2339537
2373,震旦行,20240510,236203
2374,佳能,20240510,287534
2375,凱美,20240510,108675
2376,技嘉,20240510,635689
2377,微星,20240510,844856
2379,瑞昱,20240510,512864
2380,虹光,20240510,216934
2382,廣達,20240510,3862627
2383,台光電,20240510,344278
2385,群光,20240510,760053
2387,精元,20240510,195251
2388,威盛,20240510,499761
2390,云辰,20240510,192619
2392,正崴,20240510,512327
2393,億光,20240510,443393
2395,研華,20240510,860448
2397,友通,20240510,114489
2399,映泰,20240510,178100
2401,凌陽,20240510,591995
2402,毅嘉,20240510,307537
2404,漢唐,20240510,190587
2405,輔信,20240510,343427
2406,國碩,20240510,350906
2408,南亞科,20240510,3098609
2409,友達,20240510,7699396
2412,中華電,20240510,7757447
2413,環科,20240510,127359
2414,精技,20240510,161736
2415,錩新,20240510,90000
2417,圓剛,20240510,157669
2419,仲琦,20240510,321317
2420,新巨,20240510,152649
2421,建準,20240510,273444
2423,固緯,20240510,145047
2424,隴華,20240510,56275
2425,承啟,20240510,96499
2426,鼎元,20240510,300622
2427,三商電,20240510,196814
2428,興勤,20240510,128113
2429,銘旺科,20240510,43748
2430,燦坤,20240510,116800
2431,聯昌,20240510,110927
2433,互盛電,20240510,144496
2434,統懋,20240510,37000
2436,偉詮電,20240510,178012
2438,翔耀,20240510,60196
2439,美律,20240510,220352
2440,太空梭,20240510,139117
2441,超豐,20240510,568846
2442,新美齊,20240510,256078
2443,昶虹,20240510,145687
2444,兆勁,20240510,101570
2449,京元電子,20240510,1222745
2450,神腦,20240510,258253
2451,創見,20240510,429868
2453,凌群,20240510,100000
2454,聯發科,20240510,1599344
2455,全新,20240510,184906
2457,飛宏,20240510,431208
2458,義隆,20240510,303880
2459,敦吉,20240510,105596
2460,建通,20240510,169200
2461,光群雷,20240510,171594
2462,良得電,20240510,150144
2464,盟立,20240510,195531
2465,麗臺,20240510,83946
2466,冠西電,20240510,171459
2467,志聖,20240510,156755
2468,華經,20240510,69961
2471,資通,20240510,47254
2472,立隆電,20240510,164735
2474,可成,20240510,680364
2476,鉅祥,20240510,206620
2477,美隆電,20240510,158573
2478,大毅,20240510,144731
2480,敦陽科,20240510,106360
2481,強茂,20240510,382115
2482,連宇,20240510,77883
2483,百容,20240510,109094
2484,希華,20240510,159421
2485,兆赫,20240510,317689
2486,一詮,20240510,221959
2488,漢平,20240510,79999
2489,瑞軒,20240510,740100
2491,吉祥全,20240510,82008
2492,華新科,20240510,485805
2493,揚博,20240510,114437
2495,普安,20240510,273552
2496,卓越,20240510,19100
2497,怡利電,20240510,122798
2498,宏達電,20240510,832319
2501,國建,20240510,1159561
2504,國產,20240510,1180000
2505,國揚,20240510,380000
2506,太設,20240510,387000
2509,全坤建,20240510,224551
2511,太子,20240510,1623326
2514,龍邦,20240510,394729
2515,中工,20240510,1530900
2516,新建,20240510,226278
2520,冠德,20240510,554170
2524,京城,20240510,369420
2527,宏璟,20240510,270306
2528,皇普,20240510,388325
2530,華建,20240510,839988
2534,宏盛,20240510,474228
2535,達欣工,20240510,270794
2536,宏普,20240510,332809
2537,聯上發,20240510,300558
2538,基泰,20240510,438449
2539,櫻花建,20240510,857114
2540,愛山林,20240510,416607
2542,興富發,20240510,1884142
2543,皇昌,20240510,237484
2545,皇翔,20240510,327735
2546,根基,20240510,120722
2547,日勝生,20240510,955095
2548,華固,20240510,276813
2596,綠意,20240510,100000
2597,潤弘,20240510,184950
2601,益航,20240510,824776
2603,長榮,20240510,2150248
2605,新興,20240510,585353
2606,裕民,20240510,845056
2607,榮運,20240510,1067141
2608,嘉里大榮,20240510,467000
2609,陽明,20240510,3492104
2610,華航,20240510,6051541
2611,志信,20240510,189002
2612,中航,20240510,197485
2613,中櫃,20240510,148423
2614,東森,20240510,300243
2615,萬海,20240510,2806146
2616,山隆,20240510,137282
2617,台航,20240510,417294
2618,長榮航,20240510,5400444
2630,亞航,20240510,209438
2633,台灣高鐵,20240510,5628293
2634,漢翔,20240510,941867
2636,台驊投控,20240510,143391
2637,慧洋-KY,20240510,746409
2640,大車隊,20240510,59265
2641,正德,20240510,298881
2642,宅配通,20240510,95467
2643,捷迅,20240510,35000
2645,長榮航太,20240510,374571
2701,萬企,20240510,449968
2702,華園,20240510,156613
2704,國賓,20240510,366923
2705,六福,20240510,191313
2706,第一店,20240510,499998
2707,晶華,20240510,127403
2712,遠雄來,20240510,105000
2718,晶悅,20240510,87576
2719,燦星旅,20240510,68742
2722,夏都,20240510,118214
2723,美食-KY,20240510,180000
2724,藝舍-KY,20240510,59656
2726,雅茗-KY,20240510,28000
2727,王品,20240510,84451
2729,瓦城,20240510,35944
2731,雄獅,20240510,93278
2732,六角,20240510,46515
2734,易飛網,20240510,42260
2736,富野,20240510,49972
2739,寒舍,20240510,91526
2740,天蔥,20240510,23185
2743,山富,20240510,36012
2745,五福,20240510,33809
2748,雲品,20240510,105779
2752,豆府,20240510,26267
2753,八方雲集,20240510,66495
2754,亞洲藏壽司,20240510,46721
2755,揚秦,20240510,30140
2756,聯發國際,20240510,24543
2762,世界健身-KY,20240510,112500
2801,彰銀,20240510,10858293
2809,京城銀,20240510,1111234
2812,台中銀,20240510,5226095
2816,旺旺保,20240510,223608
2820,華票,20240510,1342960
2832,台產,20240510,362200
2834,臺企銀,20240510,8222406
2836,高雄銀,20240510,1734298
2838,聯邦銀,20240510,3778953
2845,遠東銀,20240510,4069484
2849,安泰銀,20240510,1957609
2850,新產,20240510,315963
2851,中再保,20240510,800389
2852,第一保,20240510,301164
2855,統一證,20240510,1455831
2867,三商壽,20240510,5099501
2880,華南金,20240510,13642746
2881,富邦金,20240510,13014973
2882,國泰金,20240510,14669210
2883,開發金,20240510,16832181
2884,玉山金,20240510,15664000
2885,元大金,20240510,12689082
2886,兆豐金,20240510,14401338
2887,台新金,20240510,12477062
2888,新光金,20240510,15487629
2889,國票金,20240510,3447384
2890,永豐金,20240510,12376440
2891,中信金,20240510,19622009
2892,第一金,20240510,13620146
2897,王道銀行,20240510,2733992
2901,欣欣,20240510,73043
2903,遠百,20240510,1416941
2904,匯僑,20240510,77834
2905,三商,20240510,1122496
2906,高林,20240510,209117
2908,特力,20240510,509888
2910,統領,20240510,175403
2911,麗嬰房,20240510,140168
2912,統一超,20240510,1039622
2913,農林,20240510,790000
2915,潤泰全,20240510,1104319
2916,滿心,20240510,54627
2923,鼎固-KY,20240510,1740297
2924,宏太-KY,20240510,32805
2926,誠品生活,20240510,47390
2929,淘帝-KY,20240510,109494
2937,集雅社,20240510,39584
2939,凱羿-KY,20240510,45549
2941,米斯特,20240510,15390
2945,三商家購,20240510,67500
2947,振宇五金,20240510,19269
2948,寶陞,20240510,28000
2949,欣新網,20240510,24200
3002,歐格,20240510,102000
3003,健和興,20240510,155655
3004,豐達科,20240510,54370
3005,神基,20240510,611761
3006,晶豪科,20240510,286172
3008,大立光,20240510,133468
3010,華立,20240510,250767
3011,今皓,20240510,112719
3013,晟銘電,20240510,198990
3014,聯陽,20240510,161080
3015,全漢,20240510,187262
3016,嘉晶,20240510,288542
3017,奇鋐,20240510,383310
3018,隆銘綠能,20240510,51374
3019,亞光,20240510,279244
3021,鴻名,20240510,95890
3022,威強電,20240510,176598
3023,信邦,20240510,240033
3024,憶聲,20240510,277157
3025,星通,20240510,56736
3026,禾伸堂,20240510,165890
3027,盛達,20240510,115495
3028,增你強,20240510,234007
3029,零壹,20240510,154609
3030,德律,20240510,236216
3031,佰鴻,20240510,173203
3032,偉訓,20240510,113286
3033,威健,20240510,428071
3034,聯詠,20240510,608511
3035,智原,20240510,260550
3036,文曄,20240510,1115799
3037,欣興,20240510,1525106
3038,全台,20240510,157408
3040,遠見,20240510,63000
3041,揚智,20240510,194927
3042,晶技,20240510,309768
3043,科風,20240510,38976
3044,健鼎,20240510,525606
3045,台灣大,20240510,3723262
3046,建碁,20240510,78448
3047,訊舟,20240510,222859
3048,益登,20240510,269830
3049,精金,20240510,802011
3050,鈺德,20240510,154984
3051,力特,20240510,170000
3052,夆典,20240510,230672
3054,立萬利,20240510,83411
3055,蔚華科,20240510,114975
3056,富華新,20240510,342276
3057,喬鼎,20240510,92679
3058,立德,20240510,202363
3059,華晶科,20240510,278800
3060,銘異,20240510,137563
3062,建漢,20240510,330235
3064,泰偉,20240510,13011
3066,李洲,20240510,83071
3067,全域,20240510,20000
3071,協禧,20240510,110000
3073,天方能源,20240510,32100
3078,僑威,20240510,227391
3081,聯亞,20240510,91848
3083,網龍,20240510,86472
3085,新零售,20240510,29019
3086,華義,20240510,23611
3088,艾訊,20240510,102020
3090,日電貿,20240510,212657
3092,鴻碩,20240510,106552
3093,港建*,20240510,145156
3094,聯傑,20240510,83117
3095,及成,20240510,10000
3105,穩懋,20240510,423940
3114,好德,20240510,65130
3115,富榮綱,20240510,43698
3118,進階,20240510,32453
3122,笙泉,20240510,40198
3128,昇銳,20240510,42000
3130,一零四,20240510,33191
3131,弘塑,20240510,29216
3138,耀登,20240510,50293
3141,晶宏,20240510,75066
3147,大綜,20240510,39006
3149,正達,20240510,145191
3152,璟德,20240510,69016
3162,精確,20240510,130567
3163,波若威,20240510,80541
3164,景岳,20240510,86511
3167,大量,20240510,82500
3168,眾福科,20240510,78100
3169,亞信,20240510,62777
3171,新洲,20240510,71302
3176,基亞,20240510,139230
3178,公準,20240510,45050
3188,鑫龍騰,20240510,186310
3189,景碩,20240510,454423
3191,雲嘉南,20240510,43597
3202,樺晟,20240510,129345
3205,佰研,20240510,32546
3206,志豐,20240510,58917
3207,耀勝,20240510,60770
3209,全科,20240510,232431
3211,順達,20240510,151930
3213,茂訊,20240510,58686
3217,優群,20240510,90104
3218,大學光,20240510,84725
3219,倚強科,20240510,70676
3221,台嘉碩,20240510,103977
3224,三顧,20240510,68173
3226,至寶電,20240510,64431
3227,原相,20240510,146822
3228,金麗科,20240510,69826
3229,晟鈦,20240510,64263
3230,錦明,20240510,71011
3231,緯創,20240510,2896980
3232,昱捷,20240510,46568
3234,光環,20240510,111475
3236,千如,20240510,105001
3252,海灣,20240510,50196
3257,虹冠電,20240510,79987
3259,鑫創,20240510,56966
3260,威剛,20240510,295959
3264,欣銓,20240510,490170
3265,台星科,20240510,136262
3266,昇陽,20240510,352314
3268,海德威,20240510,34721
3272,東碩,20240510,61168
3276,宇環,20240510,69713
3284,太普高,20240510,88841
3285,微端,20240510,42735
3287,廣寰科,20240510,43970
3288,點晶,20240510,15000
3289,宜特,20240510,74041
3290,東浦,20240510,122520
3293,鈊象,20240510,140901
3294,英濟,20240510,132016
3296,勝德,20240510,96724
3297,杭特,20240510,36049
3303,岱稜,20240510,94091
3305,昇貿,20240510,134237
3306,鼎天,20240510,50608
3308,聯德,20240510,60000
3310,佳穎,20240510,60024
3311,閎暉,20240510,68000
3312,弘憶股,20240510,162625
3313,斐成,20240510,168771
3317,尼克森,20240510,71052
3321,同泰,20240510,97160
3322,建舜電,20240510,113614
3323,加百裕,20240510,88306
3324,雙鴻,20240510,90936
3325,旭品,20240510,90169
3332,幸康,20240510,48104
3338,泰碩,20240510,87908
3339,泰谷,20240510,63495
3346,麗清,20240510,115159
3349,寶德,20240510,40072
3354,律勝,20240510,70112
3356,奇偶,20240510,89822
3357,臺慶科,20240510,102034
3360,尚立,20240510,76402
3362,先進光,20240510,142460
3363,上詮,20240510,98641
3372,典範,20240510,175340
3373,熱映,20240510,43290
3374,精材,20240510,271364
3376,新日興,20240510,187748
3379,彬台,20240510,38042
3380,明泰,20240510,541718
3388,崇越電,20240510,74062
3390,旭軟,20240510,68958
3402,漢科,20240510,73048
3406,玉晶光,20240510,112743
3413,京鼎,20240510,102671
3416,融程電,20240510,79747
3419,譁裕,20240510,120480
3426,台興,20240510,26400
3430,奇鈦科,20240510,33716
3432,台端,20240510,42230
3434,哲固,20240510,27080
3437,榮創,20240510,144548
3438,類比科,20240510,47166
3441,聯一光,20240510,40040
3443,創意,20240510,134012
3444,利機,20240510,44115
3447,展達,20240510,77084
3450,聯鈞,20240510,145681
3454,晶睿,20240510,86568
3455,由田,20240510,59851
3465,進泰電子,20240510,35330
3466,德晉,20240510,61482
3479,安勤,20240510,72500
3481,群創,20240510,9078633
3483,力致,20240510,82979
3484,崧騰,20240510,75539
3489,森寶,20240510,90452
3490,單井,20240510,55006
3491,昇達科,20240510,63697
3492,長盛,20240510,35532
3494,誠研,20240510,144000
3498,陽程,20240510,62873
3499,環天科,20240510,54971
3501,維熹,20240510,118258
3504,揚明光,20240510,114060
3508,位速,20240510,104312
3511,矽瑪,20240510,79973
3512,皇龍,20240510,97072
3515,華擎,20240510,121636
3516,亞帝歐,20240510,52614
3518,柏騰,20240510,84042
3520,華盈,20240510,68847
3521,鴻翊,20240510,78266
3522,御頂,20240510,82525
3523,迎輝,20240510,64258
3526,凡甲,20240510,59319
3527,聚積,20240510,44445
3528,安馳,20240510,66626
3529,力旺,20240510,74652
3530,晶相光,20240510,78456
3531,先益,20240510,61175
3532,台勝科,20240510,387848
3533,嘉澤,20240510,111697
3535,晶彩科,20240510,79052
3537,堡達,20240510,53565
3540,曜越,20240510,73067
3541,西柏,20240510,56787
3543,州巧,20240510,89263
3545,敦泰,20240510,219487
3546,宇峻,20240510,50586
3548,兆利,20240510,66091
3550,聯穎,20240510,87550
3551,世禾,20240510,56775
3552,同致,20240510,85593
3555,博士旺,20240510,25763
3556,禾瑞亞,20240510,63703
3557,嘉威,20240510,80300
3558,神準,20240510,49061
3563,牧德,20240510,58146
3564,其陽,20240510,59123
3567,逸昌,20240510,33954
3570,大塚,20240510,17097
3576,聯合再生,20240510,1627795
3577,泓格,20240510,63966
3580,友威科,20240510,39471
3581,博磊,20240510,51006
3583,辛耘,20240510,80328
3587,閎康,20240510,66675
3588,通嘉,20240510,58900
3591,艾笛森,20240510,143609
3592,瑞鼎,20240510,75855
3593,力銘,20240510,93042
3594,磐儀,20240510,95697
3596,智易,20240510,220354
3597,映興,20240510,39236
3605,宏致,20240510,134418
3607,谷崧,20240510,121662
3609,三一東林,20240510,35279
3611,鼎翰,20240510,47143
3615,安可,20240510,68467
3617,碩天,20240510,91036
3622,洋華,20240510,151328
3623,富晶通,20240510,29186
3624,光頡,20240510,117341
3625,西勝,20240510,114131
3628,盈正,20240510,45000
3629,地心引力,20240510,32955
3630,新鉅科,20240510,184192
3631,晟楠,20240510,81821
3632,研勤,20240510,40890
3645,達邁,20240510,132205
3646,艾恩特,20240510,39297
3652,精聯,20240510,75098
3653,健策,20240510,140817
3661,世芯-KY,20240510,78935
3663,鑫科,20240510,73501
3664,安瑞-KY,20240510,58647
3665,貿聯-KY,20240510,163430
3666,光耀,20240510,58738
3669,圓展,20240510,92920
3672,康聯訊,20240510,31790
3673,TPK-KY,20240510,406664
3675,德微,20240510,54704
3679,新至陞,20240510,63040
3680,家登,20240510,94298
3684,榮昌,20240510,30002
3685,元創精密,20240510,79574
3686,達能,20240510,76495
3687,歐買尬,20240510,30060
3689,湧德,20240510,78725
3691,碩禾,20240510,91883
3693,營邦,20240510,38491
3694,海華,20240510,152569
3701,大眾控,20240510,234714
3702,大聯大,20240510,1679057
3703,欣陸,20240510,823216
3704,合勤控,20240510,410296
3705,永信,20240510,266423
3706,神達,20240510,1206557
3707,漢磊,20240510,333216
3708,上緯投控,20240510,101827
3709,鑫聯大投控,20240510,100569
3710,連展投控,20240510,287251
3711,日月光投控,20240510,4392550
3712,永崴投控,20240510,246242
3713,新晶投控,20240510,78090
3714,富采,20240510,752940
3715,定穎投控,20240510,277675
4102,永日,20240510,42373
4104,佳醫,20240510,155617
4105,東洋,20240510,248650
4106,雃博,20240510,100912
4107,邦特,20240510,69298
4108,懷特,20240510,198619
4109,加捷生醫,20240510,98737
4111,濟生,20240510,56983
4113,聯上,20240510,211138
4114,健喬,20240510,395896
4116,明基醫,20240510,44566
4119,旭富,20240510,119509
4120,友華,20240510,86747
4121,優盛,20240510,84929
4123,晟德,20240510,691439
4126,太醫,20240510,72600
4127,天良,20240510,45760
4128,中天,20240510,560162
4129,聯合,20240510,96257
4130,健亞,20240510,109376
4131,浩泰,20240510,39500
4133,亞諾法,20240510,60554
4137,麗豐-KY,20240510,82492
4138,曜亞,20240510,33000
4139,馬光-KY,20240510,42550
4142,國光生,20240510,429508
4147,中裕,20240510,273079
4148,全宇生技-KY,20240510,64034
4153,鈺緯,20240510,60091
4154,樂威科-KY,20240510,35720
4155,訊映,20240510,147003
4157,太景*-KY,20240510,717844
4160,訊聯基因,20240510,25405
4161,聿新科,20240510,52981
4162,智擎,20240510,145678
4163,鐿鈦,20240510,49790
4164,承業醫,20240510,166756
4167,松瑞藥,20240510,317399
4168,醣聯,20240510,108640
4171,瑞基,20240510,57457
4173,久裕,20240510,74574
4174,浩鼎,20240510,229439
4175,杏一,20240510,42283
4183,福永生技,20240510,23800
4188,安克,20240510,53335
4190,佐登-KY,20240510,60950
4192,杏國,20240510,35165
4198,欣大健康,20240510,24108
4205,中華食,20240510,88772
4207,環泰,20240510,187300
4303,信立,20240510,77965
4304,勝昱,20240510,36038
4305,世坤,20240510,55014
4306,炎洲,20240510,673056
4401,東隆興,20240510,122692
4402,福大,20240510,67992
4406,新昕纖,20240510,51912
4413,飛寶企業,20240510,31315
4414,如興,20240510,882115
4416,三圓,20240510,62242
4417,金洲,20240510,83971
4419,元勝,20240510,158163
4420,光明,20240510,40455
4426,利勤,20240510,172677
4430,耀億,20240510,56274
4432,銘旺實,20240510,50589
4433,興采,20240510,61300
4438,廣越,20240510,103425
4439,冠星-KY,20240510,38294
4440,宜新實業,20240510,67598
4442,竣邦-KY,20240510,27529
4502,健信,20240510,58012
4503,金雨,20240510,60313
4506,崇友,20240510,177012
4510,高鋒,20240510,108011
4513,福裕,20240510,106880
4523,永彰,20240510,64000
4526,東台,20240510,254826
4527,方方土霖,20240510,76152
4528,江興鍛,20240510,84166
4529,淳紳,20240510,84549
4530,宏易,20240510,49437
4532,瑞智,20240510,504915
4533,協易機,20240510,158434
4534,慶騰,20240510,86789
4535,至興,20240510,75662
4536,拓凱,20240510,90820
4538,大詠城,20240510,57552
4540,全球傳動,20240510,95159
4541,晟田,20240510,67647
4542,科嶠,20240510,32285
4543,萬在,20240510,56970
4545,銘鈺,20240510,77000
4549,桓達,20240510,54789
4550,長佳,20240510,37839
4551,智伸科,20240510,115222
4552,力達-KY,20240510,116000
4554,橙的,20240510,23299
4555,氣立,20240510,69963
4556,旭然,20240510,41884
4557,永新-KY,20240510,41972
4558,寶緯,20240510,50000
4560,強信-KY,20240510,68097
4561,健椿,20240510,58522
4562,穎漢,20240510,87546
4563,百德,20240510,54950
4564,元翎,20240510,202788
4566,時碩工業,20240510,91294
4568,科際精密,20240510,32098
4569,六方科-KY,20240510,31000
4571,鈞興-KY,20240510,53109
4572,駐龍,20240510,39000
4576,大銀微系統,20240510,119802
4577,達航科技,20240510,49138
4580,捷流閥業,20240510,43133
4581,光隆精密-KY,20240510,33899
4583,台灣精銳,20240510,80171
4584,君帆,20240510,27780
4588,玖鼎電力,20240510,42857
4609,唐鋒,20240510,47947
4702,中美實,20240510,72333
4706,大恭,20240510,79030
4707,磐亞,20240510,379075
4711,永純,20240510,61056
4712,福格創新,20240510,18423
4714,永捷,20240510,168395
4716,大立,20240510,84904
4720,德淵,20240510,103980
4721,美琪瑪,20240510,74986
4722,國精化,20240510,100009
4726,永昕,20240510,205757
4728,雙美,20240510,54463
4729,熒茂,20240510,77727
4735,豪展,20240510,36769
4736,泰博,20240510,95374
4737,華廣,20240510,61009
4739,康普,20240510,119029
4741,泓瀚,20240510,32842
4743,合一,20240510,455361
4744,皇將,20240510,54984
4745,合富-KY,20240510,77450
4746,台耀,20240510,120256
4747,強生,20240510,44929
4754,國碳科,20240510,30283
4755,三福化,20240510,100706
4760,勤凱,20240510,32113
4763,材料-KY,20240510,86286
4764,雙鍵,20240510,85542
4766,南寶,20240510,120571
4767,誠泰科技,20240510,31415
4768,晶呈科技,20240510,43073
4770,上品,20240510,79976
4771,望隼,20240510,57512
4804,大略-KY,20240510,45348
4806,昇華,20240510,199894
4807,日成-KY,20240510,38396
4903,聯光通,20240510,104052
4904,遠傳,20240510,3605705
4905,台聯電,20240510,29260
4906,正文,20240510,412012
4907,富宇,20240510,118146
4908,前鼎,20240510,78217
4909,新復興,20240510,93357
4911,德英,20240510,55660
4912,聯德控股-KY,20240510,62193
4915,致伸,20240510,462932
4916,事欣科,20240510,98379
4919,新唐,20240510,419765
4923,力士,20240510,33891
4924,欣厚-KY,20240510,37164
4927,泰鼎-KY,20240510,189938
4930,燦星網,20240510,80000
4931,新盛力,20240510,65736
4933,友輝,20240510,81439
4934,太極,20240510,225000
4935,茂林-KY,20240510,128864
4938,和碩,20240510,2664224
4939,亞電,20240510,98201
4942,嘉彰,20240510,142368
4943,康控-KY,20240510,115782
4945,陞達科技,20240510,30022
4946,辣椒,20240510,9193
4949,有成精密,20240510,66505
4950,牧東,20240510,46760
4951,精拓科,20240510,34149
4952,凌通,20240510,108816
4953,緯軟,20240510,72828
4956,光鋐,20240510,100408
4958,臻鼎-KY,20240510,947049
4960,誠美材,20240510,572185
4961,天鈺,20240510,121254
4966,譜瑞-KY,20240510,81162
4967,十銓,20240510,71549
4968,立積,20240510,90675
4971,IET-KY,20240510,36786
4972,湯石照明,20240510,57997
4973,廣穎,20240510,64506
4974,亞泰,20240510,72500
4976,佳凌,20240510,140690
4977,眾達-KY,20240510,80190
4979,華星光,20240510,140840
4987,科誠,20240510,31878
4989,榮科,20240510,137777
4991,環宇-KY,20240510,111835
4994,傳奇,20240510,66383
4995,晶達,20240510,42147
4999,鑫禾,20240510,74417
5007,三星,20240510,294940
5009,榮剛,20240510,602471
5011,久陽,20240510,100663
5013,強新,20240510,133416
5014,建錩,20240510,185333
5015,華祺,20240510,60639
5016,松和,20240510,49622
5201,凱衛,20240510,30675
5202,力新,20240510,89094
5203,訊連,20240510,78942
5205,中茂,20240510,10500
5206,坤悅,20240510,155925
5209,新鼎,20240510,28357
5210,寶碩,20240510,62178
5211,蒙恬,20240510,32025
5212,凌網,20240510,34633
5213,亞昕,20240510,518519
5215,科嘉-KY,20240510,64338
5220,萬達光電,20240510,39667
5222,全訊,20240510,74561
5223,安力-KY,20240510,44550
5225,東科-KY,20240510,75207
5227,立凱-KY,20240510,83000
5228,鈺鎧,20240510,38056
5230,雷笛克光學,20240510,47446
5234,達興材料,20240510,102716
5236,凌陽創新,20240510,58444
5243,乙盛-KY,20240510,168529
5244,弘凱,20240510,67944
5245,智晶,20240510,44990
5251,天鉞電,20240510,35629
5258,虹堡,20240510,104844
5263,智崴,20240510,64864
5269,祥碩,20240510,69364
5272,笙科,20240510,55276
5274,信驊,20240510,37821
5276,達輝-KY,20240510,39500
5278,尚凡,20240510,22249
5283,禾聯碩,20240510,73000
5284,jpp-KY,20240510,47929
5285,界霖,20240510,102041
5287,數字,20240510,55874
5288,豐祥-KY,20240510,66682
5289,宜鼎,20240510,88398
5291,邑昇,20240510,40926
5292,華懋,20240510,34800
5299,杰力,20240510,50889
5301,寶得利,20240510,137553
5302,太欣,20240510,159888
5306,桂盟,20240510,126001
5309,系統電,20240510,190329
5310,天剛,20240510,28944
5312,寶島科,20240510,60060
5314,世紀,20240510,14700
5315,光聯,20240510,106352
5321,美而快,20240510,49470
5324,士開,20240510,226379
5328,華容,20240510,172711
5340,建榮,20240510,194894
5344,立衛,20240510,79447
5345,天揚,20240510,19000
5347,世界,20240510,1638982
5348,正能量智能,20240510,28950
5351,鈺創,20240510,290514
5353,台林,20240510,75198
5355,佳總,20240510,166123
5356,協益,20240510,103040
5364,力麗店,20240510,48850
5371,中光電,20240510,390981
5381,合正,20240510,214207
5383,金利,20240510,79400
5386,青雲,20240510,28634
5388,中磊,20240510,295925
5392,能率,20240510,168959
5398,慕康生醫,20240510,49465
5403,中菲,20240510,76285
5410,國眾,20240510,89389
5425,台半,20240510,263485
5426,振發,20240510,143800
5432,新門,20240510,20688
5434,崇越,20240510,188700
5438,東友,20240510,112537
5439,高技,20240510,92976
5443,均豪,20240510,165136
5450,南良,20240510,122403
5452,佶優,20240510,148764
5455,昇益,20240510,65502
5457,宣德,20240510,172304
5460,同協,20240510,58778
5464,霖宏,20240510,71071
5465,富驊,20240510,147683
5468,凱鈺,20240510,35823
5469,瀚宇博,20240510,528441
5471,松翰,20240510,167877
5474,聰泰,20240510,40356
5475,德宏,20240510,127127
5478,智冠,20240510,156074
5481,新華,20240510,71403
5483,中美晶,20240510,586222
5484,慧友,20240510,66801
5487,通泰,20240510,24223
5488,松普,20240510,91586
5489,彩富,20240510,102706
5490,同亨,20240510,96152
5493,三聯,20240510,41609
5498,凱崴,20240510,192354
5508,永信建,20240510,217428
5511,德昌,20240510,113440
5512,力麒,20240510,743993
5514,三豐,20240510,216226
5515,建國,20240510,252000
5516,雙喜,20240510,50044
5519,隆大,20240510,219197
5520,力泰,20240510,59975
5521,工信,20240510,492280
5522,遠雄,20240510,781596
5523,豐謙,20240510,155001
5525,順天,20240510,280467
5529,鉅陞,20240510,86837
5530,龍巖,20240510,420084
5531,鄉林,20240510,977589
5533,皇鼎,20240510,285245
5534,長虹,20240510,290326
5536,聖暉*,20240510,124081
5538,東明-KY,20240510,201203
5543,桓鼎-KY,20240510,39304
5546,永固-KY,20240510,82353
5548,安倉,20240510,39700
5601,台聯櫃,20240510,64800
5603,陸海,20240510,104877
5604,中連,20240510,108783
5607,遠雄港,20240510,336377
5608,四維航,20240510,389272
5609,中菲行,20240510,142884
5701,劍湖山,20240510,143000
5703,亞都,20240510,70240
5704,老爺知,20240510,38862
5706,鳳凰,20240510,73767
5864,致和證,20240510,308481
5871,中租-KY,20240510,1614572
5876,上海商銀,20240510,4861603
5878,台名,20240510,25024
5880,合庫金,20240510,14709382
5902,德記,20240510,94500
5903,全家,20240510,223220
5904,寶雅,20240510,103493
5905,南仁湖,20240510,249825
5906,台南-KY,20240510,33372
5907,大洋-KY,20240510,195531
6005,群益證,20240510,2170908
6015,宏遠證,20240510,351252
6016,康和證,20240510,594455
6020,大展證,20240510,252353
6021,美好證,20240510,311151
6023,元大期,20240510,289976
6024,群益期,20240510,210438
6026,福邦證,20240510,396162
6101,寬魚國際,20240510,116422
6103,合邦,20240510,13605
6104,創惟,20240510,90680
6108,競國,20240510,159899
6109,亞元,20240510,67574
6111,大宇資,20240510,103884
6112,邁達特,20240510,188357
6113,亞矽,20240510,50047
6114,久威,20240510,43912
6115,鎰勝,20240510,187662
6116,彩晶,20240510,2940329
6117,迎廣,20240510,88650
6118,建達,20240510,90890
6120,達運,20240510,665555
6121,新普,20240510,184971
6122,擎邦,20240510,74373
6123,上奇,20240510,62089
6124,業強,20240510,182480
6125,廣運,20240510,249011
6126,信音,20240510,125795
6127,九豪,20240510,108080
6128,上福,20240510,127589
6129,普誠,20240510,180944
6130,上亞科技,20240510,44300
6133,金橋,20240510,117006
6134,萬旭,20240510,72585
6136,富爾特,20240510,115536
6138,茂達,20240510,75050
6139,亞翔,20240510,232955
6140,訊達,20240510,46425
6141,柏承,20240510,113354
6142,友勁,20240510,330779
6143,振曜,20240510,87507
6144,得利影,20240510,38274
6146,耕興,20240510,101867
6147,頎邦,20240510,744676
6148,驊宏資,20240510,46604
6150,撼訊,20240510,48346
6151,晉倫,20240510,55257
6152,百一,20240510,167738
6153,嘉聯益,20240510,596178
6154,順發,20240510,80080
6155,鈞寶,20240510,87639
6156,松上,20240510,96763
6158,禾昌,20240510,55031
6160,欣技,20240510,68489
6161,捷波,20240510,74983
6163,華電網,20240510,141050
6164,華興,20240510,100000
6165,浪凡,20240510,77753
6166,凌華,20240510,217497
6167,久正,20240510,162173
6168,宏齊,20240510,206070
6169,昱泉,20240510,23395
6170,統振,20240510,99670
6171,大城地產,20240510,100000
6173,信昌電,20240510,172000
6174,安碁,20240510,50000
6175,立敦,20240510,143220
6176,瑞儀,20240510,465027
6177,達麗,20240510,407740
6179,亞通,20240510,114509
6180,橘子,20240510,175494
6182,合晶,20240510,542744
6183,關貿,20240510,150000
6184,大豐電,20240510,158231
6185,幃翔,20240510,149868
6186,新潤,20240510,149986
6187,萬潤,20240510,90108
6188,廣明,20240510,278359
6189,豐藝,20240510,215540
6190,萬泰科,20240510,161955
6191,精成科,20240510,474303
6192,巨路,20240510,96156
6194,育富,20240510,48000
6195,詩肯,20240510,50193
6196,帆宣,20240510,201315
6197,佳必琪,20240510,122086
6198,瑞築,20240510,100686
6199,天品,20240510,61760
6201,亞弘電,20240510,89200
6202,盛群,20240510,226168
6203,海韻電,20240510,82406
6204,艾華,20240510,23102
6205,詮欣,20240510,82236
6206,飛捷,20240510,143062
6207,雷科,20240510,79680
6208,日揚,20240510,118202
6209,今國光,20240510,174329
6210,慶生,20240510,35048
6212,理銘,20240510,102000
6213,聯茂,20240510,362957
6214,精誠,20240510,272303
6215,和椿,20240510,82790
6216,居易,20240510,92876
6217,中探針,20240510,97108
6218,豪勉,20240510,64262
6219,富旺,20240510,119016
6220,岳豐,20240510,146463
6221,晉泰,20240510,99548
6222,上揚,20240510,40589
6223,旺矽,20240510,94231
6224,聚鼎,20240510,85645
6225,天瀚,20240510,27800
6226,光鼎,20240510,116620
6227,茂綸,20240510,76112
6228,全譜,20240510,26000
6229,研通,20240510,35641
6230,尼得科超眾,20240510,86343
6231,系微,20240510,38043
6233,旺玖,20240510,80076
6234,高僑,20240510,100386
6235,華孚,20240510,193503
6236,中湛,20240510,41654
6237,驊訊,20240510,78645
6239,力成,20240510,759147
6240,松崗,20240510,22867
6241,易通展,20240510,48700
6242,立康,20240510,31807
6243,迅杰,20240510,45269
6244,茂迪,20240510,387042
6245,立端,20240510,145342
6246,臺龍,20240510,37851
6248,沛波,20240510,69956
6257,矽格,20240510,464579
6259,百徽,20240510,21998
6261,久元,20240510,128498
6263,普萊德,20240510,62501
6264,富裔,20240510,116355
6265,方土昶,20240510,118172
6266,泰詠,20240510,138233
6269,台郡,20240510,322501
6270,倍微,20240510,72146
6271,同欣電,20240510,209058
6274,台燿,20240510,271988
6275,元山,20240510,77252
6276,安鈦克,20240510,22043
6277,宏正,20240510,119471
6278,台表科,20240510,292398
6279,胡連,20240510,99656
6281,全國電,20240510,99173
6282,康舒,20240510,861860
6283,淳安,20240510,147906
6284,佳邦,20240510,148980
6285,啟碁,20240510,484154
6287,元隆,20240510,109536
6288,聯嘉,20240510,209483
6290,良維,20240510,157982
6291,沛亨,20240510,42000
6292,迅德,20240510,46901
6294,智基,20240510,24573
6404,通訊-KY,20240510,24358
6405,悅城,20240510,65800
6409,旭隼,20240510,87731
6411,晶焱,20240510,99001
6412,群電,20240510,399040
6414,樺漢,20240510,137027
6415,矽力*-KY,20240510,384963
6416,瑞祺電通,20240510,73348
6417,韋僑,20240510,42274
6418,詠昇,20240510,34522
6419,京晨科,20240510,13159
6425,易發,20240510,43602
6426,統新,20240510,38509
6431,光麗-KY,20240510,61069
6432,今展科,20240510,30596
6435,大中,20240510,37326
6438,迅得,20240510,75282
6441,廣錠,20240510,53318
6442,光聖,20240510,75600
6443,元晶,20240510,512797
6446,藥華藥,20240510,341264
6449,鈺邦,20240510,88954
6451,訊芯-KY,20240510,107465
6456,GIS-KY,20240510,337940
6457,紘康,20240510,31855
6461,益得,20240510,137407
6462,神盾,20240510,74272
6464,台數科,20240510,127613
6465,威潤,20240510,52282
6469,大樹,20240510,112708
6470,宇智,20240510,37694
6472,保瑞,20240510,101550
6477,安集,20240510,123782
6482,弘煜科,20240510,21693
6485,點序,20240510,45152
6486,互動,20240510,47686
6488,環球晶,20240510,478114
6491,晶碩,20240510,78000
6492,生華科,20240510,89744
6494,九齊,20240510,31560
6496,科懋,20240510,47792
6499,益安,20240510,92245
6504,南六,20240510,72600
6505,台塑化,20240510,9525960
6506,雙邦,20240510,82361
6508,惠光,20240510,86539
6509,聚和,20240510,173490
6510,精測,20240510,32789
6512,啟發電,20240510,25000
6514,芮特-KY,20240510,30015
6515,穎崴,20240510,34769
6516,勤崴國際,20240510,51247
6517,保勝光學,20240510,30579
6523,達爾膚,20240510,45048
6525,捷敏-KY,20240510,129047
6526,達發,20240510,167506
6527,明達醫,20240510,25459
6530,創威,20240510,33750
6531,愛普*,20240510,162190
6532,瑞耘,20240510,37445
6533,晶心科,20240510,50651
6535,順藥,20240510,164974
6538,倉和,20240510,38136
6541,泰福-KY,20240510,164027
6542,隆中,20240510,42001
6546,正基,20240510,66227
6547,高端疫苗,20240510,328654
6548,長科*,20240510,950539
6550,北極星藥業-KY,20240510,744421
6552,易華電,20240510,83000
6556,勝品,20240510,28750
6558,興能高,20240510,93751
6560,欣普羅,20240510,25875
6561,是方,20240510,77866
6568,宏觀,20240510,30729
6569,醫揚,20240510,33516
6570,維田,20240510,37119
6573,虹揚-KY,20240510,80499
6574,霈方,20240510,21990
6576,逸達,20240510,135926
6577,勁豐,20240510,38255
6578,達邦蛋白,20240510,65524
6579,研揚,20240510,160891
6581,鋼聯,20240510,111271
6582,申豐,20240510,106174
6584,南俊國際,20240510,65968
6585,鼎基,20240510,70271
6588,東典光電,20240510,26701
6589,台康生技,20240510,307031
6590,普鴻,20240510,21291
6591,動力-KY,20240510,37584
6592,和潤企業,20240510,566500
6593,台灣銘板,20240510,24629
6596,寬宏藝術,20240510,33000
6598,ABC-KY,20240510,81778
6603,富強鑫,20240510,156986
6605,帝寶,20240510,165816
6606,建德工業,20240510,110304
6609,瀧澤科,20240510,72456
6612,奈米醫材,20240510,39160
6613,朋億*,20240510,74503
6615,慧智,20240510,21362
6616,特昇-KY,20240510,35018
6624,萬年清,20240510,20880
6625,必應,20240510,44520
6629,泰金-KY,20240510,35716
6640,均華,20240510,28277
6641,基士德-KY,20240510,37000
6642,富致,20240510,37400
6643,M31,20240510,34848
6649,台生材,20240510,42000
6651,全宇昕,20240510,34602
6654,天正國際,20240510,33263
6655,科定,20240510,82181
6657,華安,20240510,76224
6658,聯策,20240510,32870
6661,威健生技,20240510,23304
6662,樂斯科,20240510,25612
6664,群翊,20240510,57990
6666,羅麗芬-KY,20240510,47388
6667,信紘科,20240510,44779
6668,中揚光,20240510,91240
6669,緯穎,20240510,174841
6670,復盛應用,20240510,133131
6671,三能-KY,20240510,60750
6672,騰輝電子-KY,20240510,71435
6674,鋐寶科技,20240510,67336
6679,鈺太,20240510,54975
6680,鑫創電子,20240510,21075
6683,雍智科技,20240510,27390
6684,安格,20240510,44630
6689,伊雲谷,20240510,68000
6690,安碁資訊,20240510,22115
6691,洋基工程,20240510,88279
6692,進能服,20240510,51941
6693,廣閎科,20240510,45720
6695,芯鼎,20240510,95658
6697,東捷資訊,20240510,27323
6698,旭暉應材,20240510,66390
6703,軒郁,20240510,27902
6706,惠特,20240510,73577
6708,天擎,20240510,29009
6712,長聖,20240510,73339
6715,嘉基,20240510,65958
6716,應廣,20240510,30419
6719,力智,20240510,82787
6721,信實,20240510,22500
6727,亞泰金屬,20240510,25334
6728,上洋,20240510,23000
6732,昇佳電子,20240510,48913
6733,博晟生醫,20240510,124256
6735,美達科技,20240510,41889
6741,91APP*-KY,20240510,120578
6742,澤米,20240510,71268
6743,安普新,20240510,150000
6747,亨泰光,20240510,24189
6751,智聯服務,20240510,22200
6752,叡揚,20240510,32765
6753,龍德造船,20240510,107750
6754,匯僑設計,20240510,66000
6756,威鋒電子,20240510,69561
6761,穩得,20240510,30105
6762,達亞,20240510,25889
6763,綠界科技,20240510,18404
6767,台微醫,20240510,29109
6768,志強-KY,20240510,196046
6770,力積電,20240510,4139716
6776,展碁國際,20240510,81581
6781,AES-KY,20240510,85419
6782,視陽,20240510,63000
6785,昱展新藥,20240510,66800
6788,華景電,20240510,34740
6789,采鈺,20240510,317134
6790,永豐實,20240510,267129
6791,虎門科技,20240510,20847
6792,詠業,20240510,47875
6796,晉弘,20240510,34584
6799,來頡,20240510,42617
6803,崑鼎,20240510,71864
6804,明係,20240510,35000
6805,富世達,20240510,68554
6806,森崴能源,20240510,220849
6807,峰源-KY,20240510,54000
6811,宏碁資訊,20240510,41449
6821,聯寶,20240510,31042
6823,濾能,20240510,22238
6829,千附精密,20240510,59169
6830,汎銓,20240510,46781
6834,天二科技,20240510,88471
6835,圓裕,20240510,66172
6840,東研信超,20240510,25278
6841,長佳智能,20240510,98520
6843,進典,20240510,33304
6844,諾貝兒,20240510,38032
6846,綠茵,20240510,26864
6855,數泓科,20240510,21136
6856,鑫傳,20240510,28200
6859,伯特光,20240510,39134
6861,睿生光電,20240510,40267
6863,永道-KY,20240510,74318
6865,偉康科技,20240510,14518
6870,騰雲,20240510,21800
6874,倍力,20240510,22000
6875,國邑*,20240510,129018
6877,鏵友益,20240510,34088
6894,衛司特,20240510,23800
6895,宏碩系統,20240510,34100
6899,創為精密,20240510,42398
6901,鑽石投資,20240510,850350
6904,伯鑫,20240510,18500
6906,現觀科,20240510,33537
6914,阜爾運通,20240510,66226
6916,華凌,20240510,67500
6922,宸曜,20240510,25617
6929,佑全,20240510,44270
6933,AMAX-KY,20240510,41666
6937,天虹,20240510,67477
7402,邑錡,20240510,35229
7556,意德士,20240510,24054
8011,台通,20240510,170922
8016,矽創,20240510,120137
8021,尖點,20240510,142180
8024,佑華,20240510,45160
8027,鈦昇,20240510,102736
8028,昇陽半導體,20240510,172628
8032,光菱,20240510,51810
8033,雷虎,20240510,142630
8034,榮群,20240510,62874
8038,長園科,20240510,62874
8039,台虹,20240510,209120
8040,九暘,20240510,68850
8042,金山電,20240510,129463
8043,蜜望實,20240510,79907
8044,網家,20240510,143953
8046,南電,20240510,646165
8047,星雲,20240510,41666
8048,德勝,20240510,56103
8049,晶采,20240510,118280
8050,廣積,20240510,206057
8054,安國,20240510,97773
8059,凱碩,20240510,192611
8064,東捷,20240510,164818
8066,來思達,20240510,29642
8067,志旭,20240510,20700
8068,全達,20240510,80766
8069,元太,20240510,1144267
8070,長華*,20240510,689422
8071,能率網通,20240510,51854
8072,陞泰,20240510,80000
8074,鉅橡,20240510,80974
8076,伍豐,20240510,301453
8077,洛碁,20240510,21946
8080,印鉐,20240510,23164
8081,致新,20240510,86172
8083,瑞穎,20240510,35133
8084,巨虹,20240510,69514
8085,福華,20240510,139983
8086,宏捷科,20240510,196516
8087,華鎂鑫,20240510,39021
8088,品安,20240510,60922
8089,康全電訊,20240510,58666
8091,翔名,20240510,47960
8092,建暐,20240510,51821
8093,保銳,20240510,44946
8096,擎亞,20240510,149343
8097,常珵,20240510,68064
8099,大世科,20240510,88560
8101,華冠,20240510,72831
8103,瀚荃,20240510,80281
8104,錸寶,20240510,91652
8105,凌巨,20240510,441545
8107,大億金茂,20240510,75000
8109,博大,20240510,82161
8110,華東,20240510,517740
8111,立碁,20240510,109102
8112,至上,20240510,520110
8114,振樺電,20240510,75596
8121,越峰,20240510,212994
8131,福懋科,20240510,442222
8147,正淩,20240510,35965
8150,南茂,20240510,727240
8155,博智,20240510,50988
8163,達方,20240510,280000
8171,天宇,20240510,77464
8176,智捷,20240510,71701
8182,加高,20240510,107041
8183,精星,20240510,121251
8201,無敵,20240510,62366
8210,勤誠,20240510,120587
8213,志超,20240510,271242
8215,明基材,20240510,320675
8222,寶一,20240510,68574
8227,巨有科技,20240510,37343
8234,新漢,20240510,141226
8240,華宏,20240510,100004
8249,菱光,20240510,149055
8255,朋程,20240510,101447
8261,富鼎,20240510,118681
8271,宇瞻,20240510,128729
8277,商丞,20240510,91629
8279,生展,20240510,27101
8284,三竹,20240510,46342
8289,泰藝,20240510,68334
8291,尚茂,20240510,52235
8299,群聯,20240510,204780
8341,日友,20240510,130000
8342,益張,20240510,33537
8349,恒耀,20240510,151930
8354,冠好,20240510,78532
8358,金居,20240510,252588
8367,建新國際,20240510,87734
8374,羅昇,20240510,112250
8383,千附,20240510,113760
8390,金益鼎,20240510,96116
8401,白紗科,20240510,60042
8403,盛弘,20240510,126044
8404,百和興業-KY,20240510,399937
8409,商之器,20240510,32000
8410,森田,20240510,36589
8411,福貞-KY,20240510,218404
8415,大國鋼,20240510,1031500
8416,實威,20240510,28211
8420,明揚,20240510,55220
8421,旭源,20240510,54817
8422,可寧衛,20240510,109187
8423,保綠-KY,20240510,38571
8424,惠普,20240510,36054
8426,紅木-KY,20240510,50243
8429,金麗-KY,20240510,185747
8431,匯鑽科,20240510,44391
8432,東生華,20240510,38398
8433,弘帆,20240510,53774
8435,鉅邁,20240510,31700
8436,大江,20240510,118261
8437,大地-KY,20240510,47851
8438,昶昕,20240510,69943
8440,綠電,20240510,38000
8442,威宏-KY,20240510,66941
8443,阿瘦,20240510,66800
8444,綠河-KY,20240510,100467
8446,華研,20240510,52914
8450,霹靂,20240510,51310
8454,富邦媒,20240510,240340
8455,大拓-KY,20240510,25219
8462,柏文,20240510,79366
8463,潤泰材,20240510,150000
8464,億豐,20240510,293020
8466,美吉吉-KY,20240510,66059
8467,波力-KY,20240510,51233
8472,夠麻吉,20240510,17736
8473,山林水,20240510,162630
8476,台境,20240510,81484
8477,創業家,20240510,34715
8478,東哥遊艇,20240510,88886
8481,政伸,20240510,66602
8482,商億-KY,20240510,110444
8488,吉源-KY,20240510,73500
8489,三貝德,20240510,36361
8499,鼎炫-KY,20240510,41486
8905,裕國,20240510,119440
8906,花王,20240510,44037
8908,欣雄,20240510,283471
8916,光隆,20240510,150323
8917,欣泰,20240510,162652
8921,沈氏,20240510,46592
8923,時報,20240510,30376
8924,大田,20240510,83800
8926,台汽電,20240510,730282
8927,北基,20240510,354481
8928,鉅明,20240510,50854
8929,富堡,20240510,50581
8930,青鋼,20240510,81809
8931,大汽電,20240510,122255
8932,智通,20240510,79551
8933,愛地雅,20240510,301724
8935,邦泰,20240510,113495
8936,國統,20240510,248078
8937,合騏,20240510,72479
8938,明安,20240510,140200
8940,新天地,20240510,67491
8941,關中,20240510,30410
8942,森鉅,20240510,182424
8996,高力,20240510,89801
9103,美德醫療-DR,20240510,205532
910322,康師傅-DR,20240510,34568
9105,泰金寶-DR,20240510,1655367
910861,神州-DR,20240510,38712
9110,越南控-DR,20240510,54499
911608,明輝-DR,20240510,34222
911622,泰聚亨-DR,20240510,30000
911868,同方友友-DR,20240510,140000
912000,晨訊科-DR,20240510,119955
9136,巨騰-DR,20240510,160000
9802,鈺齊-KY,20240510,190990
9902,台火,20240510,98050
9904,寶成,20240510,2946787
9905,大華,20240510,305000
9906,欣巴巴,20240510,83346
9907,統一實,20240510,1579145
9908,大台北,20240510,516358
9910,豐泰,20240510,987483
9911,櫻花,20240510,221121
9912,偉聯,20240510,55219
9914,美利達,20240510,298984
9917,中保科,20240510,451197
9918,欣天然,20240510,180537
9919,康那香,20240510,195363
9921,巨大,20240510,392065
9924,福興,20240510,188452
9925,新保,20240510,387490
9926,新海,20240510,179504
9927,泰銘,20240510,167319
9928,中視,20240510,60725
9929,秋雨,20240510,101280
9930,中聯資源,20240510,248540
9931,欣高,20240510,120369
9933,中鼎,20240510,808912
9934,成霖,20240510,409464
9935,慶豐富,20240510,173839
9937,全國,20240510,309043
9938,百和,20240510,297964
9939,宏全,20240510,287786
9940,信義,20240510,736847
9941,裕融,20240510,548225
9942,茂順,20240510,83161
9943,好樂迪,20240510,125220
9944,新麗,20240510,109107
9945,潤泰新,20240510,2844225
9946,三發地產,20240510,326554
9949,琉園,20240510,44033
9950,萬國通,20240510,167716
9951,皇田,20240510,74900
9955,佳龍,20240510,103208
9958,世紀鋼,20240510,256386
9960,邁達康,20240510,33593
9962,有益,20240510,90220
